Symbol;Exchange
AAVAS;NSE
SAURASHCEM;NSE
CREST;NSE
USHAMART;NSE
MMTC;NSE
JNKINDIA;NSE
AGSTRA;NSE
CERA;NSE
ORIENTLTD;NSE
RSYSTEMS;NSE
AMDIND;NSE
MAHEPC;NSE
MOREPENLAB;NSE
BLUEDART;NSE
MARICO;NSE
SANSERA;NSE
JKPAPER;NSE
ANDHRSUGAR;NSE
MANALIPETC;NSE
CHEMPLASTS;NSE
APLLTD;NSE
NESCO;NSE
MTNL;NSE
CLEAN;NSE
GSFC;NSE
KHAICHEM;NSE
GHCL;NSE
DEN;NSE
BEPL;NSE
ELIN;NSE
BPL;NSE
MAWANASUG;NSE
GODREJAGRO;NSE
THANGAMAYL;NSE
BVCL;NSE
MHRIL;NSE
PRECWIRE;NSE
POCL;NSE
DBL;NSE
UFLEX;NSE
POLYPLEX;NSE
COSMOFIRST;NSE
SPIC;NSE
MAHSCOOTER;NSE
SUMMITSEC;NSE
USK;NSE
AEROFLEX;NSE
PGIL;NSE
APOLLOTYRE;NSE
JPOLYINVST;NSE
PNBGILTS;NSE
CESC;NSE
CHEMBOND;NSE
STYLAMIND;NSE
PFOCUS;NSE
EMSLIMITED;NSE
KDDL;NSE
SUVENPHAR;NSE
360ONE;NSE
ULTRACEMCO;NSE
HINDCOMPOS;NSE
VHL;NSE
BBOX;NSE
DGCONTENT;NSE
ROUTE;NSE
WABAG;NSE
SWARAJENG;NSE
NDGL;NSE
GULFOILLUB;NSE
ASHOKA;NSE
MGL;NSE
INDTERRAIN;NSE
TCIEXP;NSE
PKTEA;NSE
HERITGFOOD;NSE
MANINDS;NSE
INDORAMA;NSE
SUBROS;NSE
ADSL;NSE
ICIL;NSE
INDOBORAX;NSE
POCL;NSE
ATFL;NSE
ANDHRAPAP;NSE
ORIENTPPR;NSE
GNA;NSE
GALAXYSURF;NSE
GOLDIAM;NSE
RPTECH;NSE
VARDHACRLC;NSE
GREAVESCOT;NSE
HLEGLAS;NSE
MENONBE;NSE
DHARMAJ;NSE
NATHBIOGEN;NSE
DCXINDIA;NSE
NELCO;NSE
EPL;NSE
DELHIVERY;NSE
GOKULAGRO;NSE
EMSLIMITED;NSE
FINEORG;NSE
532406;BOM
511768;BOM
GEEKAYWIRE;NSE
506879;BOM
544072;BOM
CAMS;NSE
KFINTECH;NSE
EVEREADY;NSE
SHREYANIND;NSE
CLEDUCATE;NSE
ALPHAGEO;NSE
PYRAMID;NSE
DTIL;NSE
MANAKALUCO;NSE
HGS;NSE
ONEPOINT;NSE
ACCELYA;NSE
INDIGOPNTS;NSE
NDRAUTO;NSE
RAJESHEXPO;NSE
TALBROAUTO;NSE
ARTEMISMED;NSE
PATINTLOG;NSE
MAZDA;NSE
SRM;NSE
BOROLTD;NSE
KPITTECH;NSE
GENUSPAPER;NSE
MEGASTAR;NSE
DPSCLTD;NSE
DCI;NSE
SEAMECLTD;NSE
LUXIND;NSE
ALMONDZ;NSE
AYMSYNTEX;NSE
BIRLACABLE;NSE
PLATIND;NSE
DEVIT;NSE
HITECHCORP;NSE
VASCONEQ;NSE
AGRITECH;NSE
SUKHJITS;NSE
IMPAL;NSE
CONFIPET;NSE
IVC;NSE
NBCC;NSE
MARKSANS;NSE
ETHOSLTD;NSE
NOVAAGRI;NSE
SRM;NSE
NIACL;NSE
ZUARI;NSE
TCIEXP;NSE
AXITA;NSE
CHEMFAB;NSE
MVGJL;NSE
BCLIND;NSE
KILITCH;NSE
GHCLTEXTIL;NSE
SUNPHARMA;NSE
TATAMOTORS;NSE
BANCOINDIA;NSE
LAMBODHARA;NSE
ARVSMART;NSE
GUFICBIO;NSE
INTLCONV;NSE
